Run,Accuracy,MCC,AUROC,AUPRC
1,0.8611111111111112,0.7324670207647144,0.929783950617284,0.943868569576979
2,0.875,0.7645933869146087,0.9529320987654322,0.959339454658864
3,0.8194444444444444,0.6513202925568888,0.9270833333333334,0.9420230112930718
