Run,Accuracy,MCC,AUROC,AUPRC
1,0.875,0.7745966692414834,0.939453125,0.9572124756335283
2,0.84375,0.6999132392733555,0.900390625,0.9122783466533466
3,0.875,0.7745966692414834,0.876953125,0.9222222222222223
