Run,Accuracy,MCC,AUROC,AUPRC
1,0.8865979381443299,0.7747984181731642,0.957908163265306,0.9597573765145262
2,0.8762886597938144,0.7530870339276524,0.9532312925170068,0.960548917563395
3,0.9175257731958762,0.837753153502666,0.9664115646258503,0.9692592835072552
