Run,Accuracy,MCC,AUROC,AUPRC
1,0.9166666666666666,0.8346223261119858,0.9598765432098765,0.9746572891266635
2,0.9027777777777778,0.8058665208462562,0.9621913580246914,0.9742523000472563
3,0.9583333333333334,0.9198662110077999,0.9421296296296295,0.9674766448022263
