Run,Accuracy,MCC,AUROC,AUPRC
1,0.90625,0.8140915784106943,0.9375,0.9627604166666667
2,0.875,0.75,0.94140625,0.9646298174442192
3,0.875,0.7559289460184544,0.93359375,0.9593137254901961
