Run,Accuracy,MCC,AUROC,AUPRC
1,0.865979381443299,0.7361296822826688,0.9545068027210885,0.9635270837501491
2,0.8865979381443299,0.7747984181731642,0.9485544217687074,0.9661351224910141
3,0.8556701030927835,0.7274899490140759,0.9749149659863946,0.9777155600297814
